{
	"credit": "www.sebxter.pl",
	"texture_size": [64, 64],
	"textures": {
		"1": "item/pickaxes/christmas_pickaxe"
	},
	"elements": [
		{
			"from": [6.70884, -2, 7],
			"to": [8.70884, 13, 9],
			"rotation": {"angle": 0, "axis": "y", "origin": [2.70884, -7, 1]},
			"faces": {
				"north": {"uv": [0.008, 0.008, 0.492, 3.742], "texture": "#1"},
				"east": {"uv": [0.758, 0.008, 1.242, 3.742], "texture": "#1"},
				"south": {"uv": [1.508, 0.008, 1.992, 3.742], "texture": "#1"},
				"west": {"uv": [2.258, 0.008, 2.742, 3.742], "texture": "#1"},
				"up": {"uv": [8.992, 7.742, 8.508, 7.258], "texture": "#1"},
				"down": {"uv": [8.992, 8.008, 8.508, 8.492], "texture": "#1"}
			}
		},
		{
			"from": [5.70884, 13, 6],
			"to": [9.70884, 17, 10],
			"rotation": {"angle": 0, "axis": "z", "origin": [7.70884, 15, 8]},
			"faces": {
				"north": {"uv": [3.008, 3.008, 3.992, 3.992], "texture": "#1"},
				"east": {"uv": [0.008, 4.008, 0.992, 4.992], "texture": "#1"},
				"south": {"uv": [1.258, 4.008, 2.242, 4.992], "texture": "#1"},
				"west": {"uv": [2.508, 4.258, 3.492, 5.242], "texture": "#1"},
				"up": {"uv": [5.242, 3.992, 4.258, 3.008], "texture": "#1"},
				"down": {"uv": [4.742, 4.258, 3.758, 5.242], "texture": "#1"}
			}
		},
		{
			"from": [5.20884, 17, 5.5],
			"to": [10.20884, 18, 10.5],
			"rotation": {"angle": 0, "axis": "z", "origin": [7.70884, 15, 8]},
			"faces": {
				"north": {"uv": [8.508, 3.508, 9.742, 3.742], "texture": "#1"},
				"east": {"uv": [8.508, 6.258, 9.742, 6.492], "texture": "#1"},
				"south": {"uv": [8.508, 6.758, 9.742, 6.992], "texture": "#1"},
				"west": {"uv": [7.008, 8.508, 8.242, 8.742], "texture": "#1"},
				"up": {"uv": [4.242, 1.242, 3.008, 0.008], "texture": "#1"},
				"down": {"uv": [4.242, 1.508, 3.008, 2.742], "texture": "#1"}
			}
		},
		{
			"from": [5.70884, 18, 6],
			"to": [9.70884, 19, 10],
			"rotation": {"angle": 0, "axis": "z", "origin": [7.70884, 15, 8]},
			"faces": {
				"north": {"uv": [8.758, 0.008, 9.742, 0.242], "texture": "#1"},
				"east": {"uv": [8.758, 0.508, 9.742, 0.742], "texture": "#1"},
				"south": {"uv": [1.008, 8.758, 1.992, 8.992], "texture": "#1"},
				"west": {"uv": [3.258, 8.758, 4.242, 8.992], "texture": "#1"},
				"up": {"uv": [5.492, 0.992, 4.508, 0.008], "texture": "#1"},
				"down": {"uv": [5.492, 1.258, 4.508, 2.242], "texture": "#1"}
			}
		},
		{
			"from": [6.20884, 18.46299, 5.07471],
			"to": [9.20884, 20.46299, 8.07471],
			"rotation": {"angle": 22.5, "axis": "x", "origin": [7.70884, 15.46299, 6.69971]},
			"faces": {
				"north": {"uv": [0.008, 8.258, 0.742, 8.742], "texture": "#1"},
				"east": {"uv": [8.508, 1.258, 9.242, 1.742], "texture": "#1"},
				"south": {"uv": [8.508, 2.008, 9.242, 2.492], "texture": "#1"},
				"west": {"uv": [8.508, 2.758, 9.242, 3.242], "texture": "#1"},
				"up": {"uv": [8.242, 2.242, 7.508, 1.508], "texture": "#1"},
				"down": {"uv": [2.242, 7.758, 1.508, 8.492], "texture": "#1"}
			}
		},
		{
			"from": [6.70884, 19.75411, 8.40532],
			"to": [8.70884, 20.75411, 10.40532],
			"rotation": {"angle": 45, "axis": "x", "origin": [7.70884, 21.05411, 8.88032]},
			"faces": {
				"north": {"uv": [4.508, 2.508, 4.992, 2.742], "texture": "#1"},
				"east": {"uv": [7.008, 8.008, 7.492, 8.242], "texture": "#1"},
				"south": {"uv": [9.508, 1.008, 9.992, 1.242], "texture": "#1"},
				"west": {"uv": [9.508, 1.508, 9.992, 1.742], "texture": "#1"},
				"up": {"uv": [9.242, 4.492, 8.758, 4.008], "texture": "#1"},
				"down": {"uv": [4.992, 8.758, 4.508, 9.242], "texture": "#1"}
			}
		},
		{
			"from": [7.20884, 20.1243, 8.56798],
			"to": [8.20884, 21.1243, 10.56798],
			"rotation": {"angle": -22.5, "axis": "x", "origin": [7.70884, 20.8243, 9.39298]},
			"faces": {
				"north": {"uv": [1.008, 8.258, 1.242, 8.492], "texture": "#1"},
				"east": {"uv": [9.508, 2.008, 9.992, 2.242], "texture": "#1"},
				"south": {"uv": [9.508, 3.008, 9.742, 3.242], "texture": "#1"},
				"west": {"uv": [9.508, 2.508, 9.992, 2.742], "texture": "#1"},
				"up": {"uv": [9.742, 4.492, 9.508, 4.008], "texture": "#1"},
				"down": {"uv": [4.742, 9.508, 4.508, 9.992], "texture": "#1"}
			}
		},
		{
			"from": [7.20884, 20.78052, 10.51701],
			"to": [8.20884, 21.78052, 11.51701],
			"rotation": {"angle": 45, "axis": "z", "origin": [7.70884, 21.28052, 11.01701]},
			"faces": {
				"north": {"uv": [9.508, 4.758, 9.742, 4.992], "texture": "#1"},
				"east": {"uv": [5.008, 9.508, 5.242, 9.742], "texture": "#1"},
				"south": {"uv": [5.508, 9.508, 5.742, 9.742], "texture": "#1"},
				"west": {"uv": [6.008, 9.508, 6.242, 9.742], "texture": "#1"},
				"up": {"uv": [8.492, 9.742, 8.258, 9.508], "texture": "#1"},
				"down": {"uv": [8.992, 9.508, 8.758, 9.742], "texture": "#1"}
			}
		},
		{
			"from": [7.20884, 20.78052, 10.51701],
			"to": [8.20884, 21.78052, 11.51701],
			"rotation": {"angle": -45, "axis": "y", "origin": [7.70884, 21.28052, 11.01701]},
			"faces": {
				"north": {"uv": [9.258, 9.508, 9.492, 9.742], "texture": "#1"},
				"east": {"uv": [0.008, 9.758, 0.242, 9.992], "texture": "#1"},
				"south": {"uv": [2.258, 9.758, 2.492, 9.992], "texture": "#1"},
				"west": {"uv": [6.508, 9.758, 6.742, 9.992], "texture": "#1"},
				"up": {"uv": [7.242, 9.992, 7.008, 9.758], "texture": "#1"},
				"down": {"uv": [7.742, 9.758, 7.508, 9.992], "texture": "#1"}
			}
		},
		{
			"from": [8.20989, 15.00157, 7],
			"to": [13.20989, 17.00157, 9],
			"rotation": {"angle": 45, "axis": "z", "origin": [10.95989, 15.50157, 8]},
			"faces": {
				"north": {"uv": [1.758, 7.008, 2.992, 7.492], "texture": "#1"},
				"east": {"uv": [8.758, 4.758, 9.242, 5.242], "texture": "#1"},
				"south": {"uv": [7.008, 6.508, 8.242, 6.992], "texture": "#1"},
				"west": {"uv": [5.258, 8.758, 5.742, 9.242], "texture": "#1"},
				"up": {"uv": [4.492, 7.742, 3.258, 7.258], "texture": "#1"},
				"down": {"uv": [8.492, 4.008, 7.258, 4.492], "texture": "#1"}
			}
		},
		{
			"from": [11.42496, 16.19081, 7],
			"to": [17.42496, 18.19081, 9],
			"rotation": {"angle": 45, "axis": "x", "origin": [14.42496, 17.19081, 8]},
			"faces": {
				"north": {"uv": [5.758, 1.508, 7.242, 1.992], "texture": "#1"},
				"east": {"uv": [6.008, 8.758, 6.492, 9.242], "texture": "#1"},
				"south": {"uv": [4.508, 5.758, 5.992, 6.242], "texture": "#1"},
				"west": {"uv": [8.508, 8.758, 8.992, 9.242], "texture": "#1"},
				"up": {"uv": [1.492, 6.492, 0.008, 6.008], "texture": "#1"},
				"down": {"uv": [3.242, 6.258, 1.758, 6.742], "texture": "#1"}
			}
		},
		{
			"from": [13.42496, 18.19081, 7],
			"to": [21.42496, 20.19081, 9],
			"rotation": {"angle": -45, "axis": "z", "origin": [14.42496, 17.19081, 8]},
			"faces": {
				"north": {"uv": [5.008, 4.258, 6.992, 4.742], "texture": "#1"},
				"east": {"uv": [0.008, 9.008, 0.492, 9.492], "texture": "#1"},
				"south": {"uv": [5.008, 5.008, 6.992, 5.492], "texture": "#1"},
				"west": {"uv": [2.258, 9.008, 2.742, 9.492], "texture": "#1"},
				"up": {"uv": [1.992, 5.742, 0.008, 5.258], "texture": "#1"},
				"down": {"uv": [4.242, 5.508, 2.258, 5.992], "texture": "#1"}
			}
		},
		{
			"from": [-5.42496, 18.19081, 7],
			"to": [2.57504, 20.19081, 9],
			"rotation": {"angle": 45, "axis": "z", "origin": [1.57504, 17.19081, 8]},
			"faces": {
				"north": {"uv": [5.508, 2.508, 7.492, 2.992], "texture": "#1"},
				"east": {"uv": [6.758, 9.008, 7.242, 9.492], "texture": "#1"},
				"south": {"uv": [5.508, 3.258, 7.492, 3.742], "texture": "#1"},
				"west": {"uv": [7.508, 9.008, 7.992, 9.492], "texture": "#1"},
				"up": {"uv": [7.742, 0.492, 5.758, 0.008], "texture": "#1"},
				"down": {"uv": [7.742, 0.758, 5.758, 1.242], "texture": "#1"}
			}
		},
		{
			"from": [-1.42496, 16.19081, 7],
			"to": [4.57504, 18.19081, 9],
			"rotation": {"angle": 45, "axis": "x", "origin": [1.57504, 17.19081, 8]},
			"faces": {
				"north": {"uv": [6.258, 5.758, 7.742, 6.242], "texture": "#1"},
				"east": {"uv": [0.758, 9.258, 1.242, 9.742], "texture": "#1"},
				"south": {"uv": [3.508, 6.508, 4.992, 6.992], "texture": "#1"},
				"west": {"uv": [1.508, 9.258, 1.992, 9.742], "texture": "#1"},
				"up": {"uv": [6.742, 6.992, 5.258, 6.508], "texture": "#1"},
				"down": {"uv": [1.492, 6.758, 0.008, 7.242], "texture": "#1"}
			}
		},
		{
			"from": [2.79011, 15.00157, 7],
			"to": [7.79011, 17.00157, 9],
			"rotation": {"angle": -45, "axis": "z", "origin": [5.04011, 15.50157, 8]},
			"faces": {
				"north": {"uv": [4.758, 7.258, 5.992, 7.742], "texture": "#1"},
				"east": {"uv": [3.008, 9.258, 3.492, 9.742], "texture": "#1"},
				"south": {"uv": [7.258, 4.758, 8.492, 5.242], "texture": "#1"},
				"west": {"uv": [3.758, 9.258, 4.242, 9.742], "texture": "#1"},
				"up": {"uv": [7.492, 7.742, 6.258, 7.258], "texture": "#1"},
				"down": {"uv": [1.242, 7.508, 0.008, 7.992], "texture": "#1"}
			}
		},
		{
			"from": [7.47661, -4.85355, 7],
			"to": [9.47661, -0.85355, 9],
			"rotation": {"angle": 45, "axis": "z", "origin": [8.47661, -2.35355, 8]},
			"faces": {
				"north": {"uv": [2.508, 7.758, 2.992, 8.742], "texture": "#1"},
				"east": {"uv": [7.758, 2.508, 8.242, 3.492], "texture": "#1"},
				"south": {"uv": [7.758, 7.258, 8.242, 8.242], "texture": "#1"},
				"west": {"uv": [8.008, 0.008, 8.492, 0.992], "texture": "#1"},
				"up": {"uv": [9.742, 5.992, 9.258, 5.508], "texture": "#1"},
				"down": {"uv": [9.742, 7.258, 9.258, 7.742], "texture": "#1"}
			}
		},
		{
			"from": [9.53727, -4.82843, 7],
			"to": [13.53727, -2.82843, 9],
			"rotation": {"angle": 0, "axis": "z", "origin": [11.03727, -3.82843, 8]},
			"faces": {
				"north": {"uv": [3.258, 8.008, 4.242, 8.492], "texture": "#1"},
				"east": {"uv": [9.258, 8.008, 9.742, 8.492], "texture": "#1"},
				"south": {"uv": [4.508, 8.008, 5.492, 8.492], "texture": "#1"},
				"west": {"uv": [9.258, 8.758, 9.742, 9.242], "texture": "#1"},
				"up": {"uv": [8.992, 5.992, 8.008, 5.508], "texture": "#1"},
				"down": {"uv": [6.742, 8.008, 5.758, 8.492], "texture": "#1"}
			}
		}
	],
	"display": {
		"thirdperson": {
			"rotation": [0, -90, 75],
			"translation": [0, 0.7, -3],
			"scale": [0.75, 0.75, 0.75]
		},
		"firstperson": {
			"rotation": [0, 45, 0],
			"translation": [0.5, -2, 0],
			"scale": [1.75, 1.75, 1.75]
		},
		"ground": {
			"translation": [0, 1, 0],
			"scale": [2, 2, 2]
		},
		"gui": {
			"rotation": [20, 5, 45],
			"translation": [0, -1, 0],
			"scale": [0.9, 0.9, 0.9]
		},
		"fixed": {
			"translation": [0, -2.5, -0.25],
			"scale": [1.5, 1.5, 1.5]
		}
	}
}