{
	"credit": "www.sebxter.pl",
	"texture_size": [64, 64],
	"textures": {
		"1": "item/swords/infinity_sword"
	},
	"elements": [
		{
			"from": [6, -7.25, 6],
			"to": [10, -3.25, 10],
			"rotation": {"angle": 45, "axis": "z", "origin": [8, -5.25, 8]},
			"faces": {
				"north": {"uv": [0.008, 3.508, 0.992, 4.492], "texture": "#1"},
				"east": {"uv": [1.258, 3.508, 2.242, 4.492], "texture": "#1"},
				"south": {"uv": [2.508, 3.508, 3.492, 4.492], "texture": "#1"},
				"west": {"uv": [3.758, 3.508, 4.742, 4.492], "texture": "#1"},
				"up": {"uv": [4.992, 0.992, 4.008, 0.008], "texture": "#1"},
				"down": {"uv": [4.992, 1.258, 4.008, 2.242], "texture": "#1"}
			}
		},
		{
			"from": [6.5, -5.25, 6.5],
			"to": [9.5, 0.75, 9.5],
			"rotation": {"angle": 0, "axis": "z", "origin": [8.5, -5.25, 8.5]},
			"faces": {
				"north": {"uv": [0.008, 0.008, 0.742, 1.492], "texture": "#1"},
				"east": {"uv": [1.008, 0.008, 1.742, 1.492], "texture": "#1"},
				"south": {"uv": [0.008, 1.758, 0.742, 3.242], "texture": "#1"},
				"west": {"uv": [1.008, 1.758, 1.742, 3.242], "texture": "#1"},
				"up": {"uv": [4.742, 3.242, 4.008, 2.508], "texture": "#1"},
				"down": {"uv": [2.742, 4.758, 2.008, 5.492], "texture": "#1"}
			}
		},
		{
			"from": [6.5, 24.75, 7.5],
			"to": [9.5, 27.75, 8.5],
			"rotation": {"angle": 45, "axis": "z", "origin": [8, 26.25, 8]},
			"faces": {
				"north": {"uv": [3.008, 4.758, 3.742, 5.492], "texture": "#1"},
				"east": {"uv": [0.008, 8.258, 0.242, 8.992], "texture": "#1"},
				"south": {"uv": [4.008, 4.758, 4.742, 5.492], "texture": "#1"},
				"west": {"uv": [0.508, 8.258, 0.742, 8.992], "texture": "#1"},
				"up": {"uv": [8.742, 4.992, 8.008, 4.758], "texture": "#1"},
				"down": {"uv": [1.742, 8.258, 1.008, 8.492], "texture": "#1"}
			}
		},
		{
			"from": [7, 8.75, 7],
			"to": [9, 10.75, 9],
			"rotation": {"angle": 45, "axis": "x", "origin": [8, 9.75, 8]},
			"faces": {
				"north": {"uv": [6.508, 4.508, 6.992, 4.992], "texture": "#1"},
				"east": {"uv": [5.008, 6.508, 5.492, 6.992], "texture": "#1"},
				"south": {"uv": [5.758, 6.508, 6.242, 6.992], "texture": "#1"},
				"west": {"uv": [6.508, 6.508, 6.992, 6.992], "texture": "#1"},
				"up": {"uv": [7.492, 1.492, 7.008, 1.008], "texture": "#1"},
				"down": {"uv": [7.742, 1.758, 7.258, 2.242], "texture": "#1"}
			}
		},
		{
			"from": [7, 10.75, 7],
			"to": [9, 12.75, 9],
			"rotation": {"angle": -45, "axis": "z", "origin": [8, 11.75, 8]},
			"faces": {
				"north": {"uv": [7.258, 4.508, 7.742, 4.992], "texture": "#1"},
				"east": {"uv": [5.008, 7.258, 5.492, 7.742], "texture": "#1"},
				"south": {"uv": [5.758, 7.258, 6.242, 7.742], "texture": "#1"},
				"west": {"uv": [6.508, 7.258, 6.992, 7.742], "texture": "#1"},
				"up": {"uv": [7.742, 6.992, 7.258, 6.508], "texture": "#1"},
				"down": {"uv": [7.742, 7.258, 7.258, 7.742], "texture": "#1"}
			}
		},
		{
			"from": [7, 14.75, 7],
			"to": [9, 16.75, 9],
			"rotation": {"angle": -45, "axis": "z", "origin": [8, 15.75, 8]},
			"faces": {
				"north": {"uv": [2.008, 7.508, 2.492, 7.992], "texture": "#1"},
				"east": {"uv": [7.508, 2.508, 7.992, 2.992], "texture": "#1"},
				"south": {"uv": [2.758, 7.508, 3.242, 7.992], "texture": "#1"},
				"west": {"uv": [7.508, 3.258, 7.992, 3.742], "texture": "#1"},
				"up": {"uv": [3.992, 7.992, 3.508, 7.508], "texture": "#1"},
				"down": {"uv": [4.742, 7.508, 4.258, 7.992], "texture": "#1"}
			}
		},
		{
			"from": [7, 12.75, 7],
			"to": [9, 14.75, 9],
			"rotation": {"angle": 45, "axis": "x", "origin": [8, 13.75, 8]},
			"faces": {
				"north": {"uv": [7.758, 1.008, 8.242, 1.492], "texture": "#1"},
				"east": {"uv": [7.758, 5.258, 8.242, 5.742], "texture": "#1"},
				"south": {"uv": [8.008, 0.008, 8.492, 0.492], "texture": "#1"},
				"west": {"uv": [8.008, 1.758, 8.492, 2.242], "texture": "#1"},
				"up": {"uv": [8.492, 4.492, 8.008, 4.008], "texture": "#1"},
				"down": {"uv": [5.492, 8.008, 5.008, 8.492], "texture": "#1"}
			}
		},
		{
			"from": [6.5, 0.75, 6.5],
			"to": [9.5, 1.75, 9.5],
			"rotation": {"angle": 45, "axis": "y", "origin": [8, 8.25, 8]},
			"faces": {
				"north": {"uv": [2.008, 8.258, 2.742, 8.492], "texture": "#1"},
				"east": {"uv": [8.258, 2.508, 8.992, 2.742], "texture": "#1"},
				"south": {"uv": [3.008, 8.258, 3.742, 8.492], "texture": "#1"},
				"west": {"uv": [8.258, 3.008, 8.992, 3.242], "texture": "#1"},
				"up": {"uv": [5.742, 3.242, 5.008, 2.508], "texture": "#1"},
				"down": {"uv": [5.742, 3.508, 5.008, 4.242], "texture": "#1"}
			}
		},
		{
			"from": [6.5, 23.75, 6.5],
			"to": [9.5, 24.75, 9.5],
			"rotation": {"angle": 45, "axis": "y", "origin": [8, 8.25, 8]},
			"faces": {
				"north": {"uv": [8.508, 1.258, 9.242, 1.492], "texture": "#1"},
				"east": {"uv": [8.508, 5.258, 9.242, 5.492], "texture": "#1"},
				"south": {"uv": [8.758, 0.008, 9.492, 0.242], "texture": "#1"},
				"west": {"uv": [1.008, 8.758, 1.742, 8.992], "texture": "#1"},
				"up": {"uv": [5.742, 5.242, 5.008, 4.508], "texture": "#1"},
				"down": {"uv": [5.992, 0.008, 5.258, 0.742], "texture": "#1"}
			}
		},
		{
			"from": [6.5, 1.25, 7.5],
			"to": [9.5, 7.25, 8.5],
			"rotation": {"angle": 0, "axis": "y", "origin": [-0.5, 20.25, -1.5]},
			"faces": {
				"north": {"uv": [2.008, 0.008, 2.742, 1.492], "texture": "#1"},
				"east": {"uv": [2.008, 5.758, 2.242, 7.242], "texture": "#1"},
				"south": {"uv": [2.008, 1.758, 2.742, 3.242], "texture": "#1"},
				"west": {"uv": [2.508, 5.758, 2.742, 7.242], "texture": "#1"},
				"up": {"uv": [8.992, 3.742, 8.258, 3.508], "texture": "#1"},
				"down": {"uv": [4.742, 8.258, 4.008, 8.492], "texture": "#1"}
			}
		},
		{
			"from": [6.5, 1.25, 6.5],
			"to": [9.5, 4.25, 8.5],
			"rotation": {"angle": -22.5, "axis": "x", "origin": [8, 2.75, 7]},
			"faces": {
				"north": {"uv": [5.258, 1.008, 5.992, 1.742], "texture": "#1"},
				"east": {"uv": [6.258, 1.008, 6.742, 1.742], "texture": "#1"},
				"south": {"uv": [5.008, 5.508, 5.742, 6.242], "texture": "#1"},
				"west": {"uv": [6.508, 2.008, 6.992, 2.742], "texture": "#1"},
				"up": {"uv": [7.242, 3.492, 6.508, 3.008], "texture": "#1"},
				"down": {"uv": [7.242, 3.758, 6.508, 4.242], "texture": "#1"}
			}
		},
		{
			"from": [6.5, 1.25, 7.5],
			"to": [9.5, 4.25, 9.5],
			"rotation": {"angle": 22.5, "axis": "x", "origin": [8, 2.75, 9]},
			"faces": {
				"north": {"uv": [5.742, 5.508, 5.008, 6.242], "texture": "#1"},
				"east": {"uv": [6.742, 1.008, 6.258, 1.742], "texture": "#1"},
				"south": {"uv": [5.992, 1.008, 5.258, 1.742], "texture": "#1"},
				"west": {"uv": [6.992, 2.008, 6.508, 2.742], "texture": "#1"},
				"up": {"uv": [7.242, 3.008, 6.508, 3.492], "texture": "#1"},
				"down": {"uv": [7.242, 4.242, 6.508, 3.758], "texture": "#1"}
			}
		},
		{
			"from": [6.5, 18.25, 7.5],
			"to": [9.5, 24.25, 8.5],
			"rotation": {"angle": 0, "axis": "y", "origin": [-0.5, 20.25, -1.5]},
			"faces": {
				"north": {"uv": [3.008, 0.008, 3.742, 1.492], "texture": "#1"},
				"east": {"uv": [3.008, 5.758, 3.242, 7.242], "texture": "#1"},
				"south": {"uv": [3.008, 1.758, 3.742, 3.242], "texture": "#1"},
				"west": {"uv": [3.508, 5.758, 3.742, 7.242], "texture": "#1"},
				"up": {"uv": [8.742, 8.492, 8.008, 8.258], "texture": "#1"},
				"down": {"uv": [9.242, 0.758, 8.508, 0.992], "texture": "#1"}
			}
		},
		{
			"from": [9.5, 21.25, 7.5],
			"to": [10.5, 23.25, 8.5],
			"rotation": {"angle": 0, "axis": "y", "origin": [-0.5, 20.25, -1.5]},
			"faces": {
				"north": {"uv": [8.758, 1.758, 8.992, 2.242], "texture": "#1"},
				"east": {"uv": [2.008, 8.758, 2.242, 9.242], "texture": "#1"},
				"south": {"uv": [2.508, 8.758, 2.742, 9.242], "texture": "#1"},
				"west": {"uv": [3.008, 8.758, 3.242, 9.242], "texture": "#1"},
				"up": {"uv": [8.992, 6.492, 8.758, 6.258], "texture": "#1"},
				"down": {"uv": [6.742, 8.758, 6.508, 8.992], "texture": "#1"}
			}
		},
		{
			"from": [10.5, 20.25, 7.5],
			"to": [11.5, 22.25, 8.5],
			"rotation": {"angle": 0, "axis": "y", "origin": [-0.5, 20.25, -1.5]},
			"faces": {
				"north": {"uv": [3.508, 8.758, 3.742, 9.242], "texture": "#1"},
				"east": {"uv": [4.008, 8.758, 4.242, 9.242], "texture": "#1"},
				"south": {"uv": [8.758, 4.008, 8.992, 4.492], "texture": "#1"},
				"west": {"uv": [4.508, 8.758, 4.742, 9.242], "texture": "#1"},
				"up": {"uv": [8.992, 6.992, 8.758, 6.758], "texture": "#1"},
				"down": {"uv": [7.242, 8.758, 7.008, 8.992], "texture": "#1"}
			}
		},
		{
			"from": [9.5, 6.25, 7.5],
			"to": [10.5, 19.25, 8.5],
			"rotation": {"angle": 0, "axis": "y", "origin": [-0.5, 20.25, -1.5]},
			"faces": {
				"north": {"uv": [0.008, 4.758, 0.242, 7.992], "texture": "#1"},
				"east": {"uv": [0.508, 4.758, 0.742, 7.992], "texture": "#1"},
				"south": {"uv": [1.008, 4.758, 1.242, 7.992], "texture": "#1"},
				"west": {"uv": [1.508, 4.758, 1.742, 7.992], "texture": "#1"},
				"up": {"uv": [5.492, 2.242, 5.258, 2.008], "texture": "#1"},
				"down": {"uv": [7.742, 4.008, 7.508, 4.242], "texture": "#1"}
			}
		},
		{
			"from": [2.5, 5.95, 7.5],
			"to": [8.5, 6.95, 8.5],
			"rotation": {"angle": 45, "axis": "z", "origin": [10, 12.75, 8]},
			"faces": {
				"north": {"uv": [6.008, 5.508, 7.492, 5.742], "texture": "#1"},
				"east": {"uv": [8.758, 5.758, 8.992, 5.992], "texture": "#1"},
				"south": {"uv": [6.008, 6.008, 7.492, 6.242], "texture": "#1"},
				"west": {"uv": [6.008, 8.758, 6.242, 8.992], "texture": "#1"},
				"up": {"uv": [7.742, 0.242, 6.258, 0.008], "texture": "#1"},
				"down": {"uv": [7.742, 0.508, 6.258, 0.742], "texture": "#1"}
			}
		},
		{
			"from": [8.5, 5.95, 7.5],
			"to": [9.5, 11.95, 8.5],
			"rotation": {"angle": 45, "axis": "z", "origin": [10, 12.75, 8]},
			"faces": {
				"north": {"uv": [4.008, 5.758, 4.242, 7.242], "texture": "#1"},
				"east": {"uv": [4.508, 5.758, 4.742, 7.242], "texture": "#1"},
				"south": {"uv": [6.008, 2.008, 6.242, 3.492], "texture": "#1"},
				"west": {"uv": [6.008, 3.758, 6.242, 5.242], "texture": "#1"},
				"up": {"uv": [5.242, 8.992, 5.008, 8.758], "texture": "#1"},
				"down": {"uv": [5.742, 8.758, 5.508, 8.992], "texture": "#1"}
			}
		},
		{
			"from": [19.9, 11.75, 7],
			"to": [21.9, 13.75, 9],
			"rotation": {"angle": -45, "axis": "z", "origin": [11, 19, 8]},
			"faces": {
				"north": {"uv": [5.758, 8.008, 6.242, 8.492], "texture": "#1"},
				"east": {"uv": [8.008, 6.008, 8.492, 6.492], "texture": "#1"},
				"south": {"uv": [6.508, 8.008, 6.992, 8.492], "texture": "#1"},
				"west": {"uv": [8.008, 6.758, 8.492, 7.242], "texture": "#1"},
				"up": {"uv": [7.742, 8.492, 7.258, 8.008], "texture": "#1"},
				"down": {"uv": [8.492, 7.508, 8.008, 7.992], "texture": "#1"}
			}
		},
		{
			"from": [7.5, 5.95, 7.5],
			"to": [13.5, 6.95, 8.5],
			"rotation": {"angle": -45, "axis": "z", "origin": [6, 12.75, 8]},
			"faces": {
				"north": {"uv": [7.492, 5.508, 6.008, 5.742], "texture": "#1"},
				"east": {"uv": [6.242, 8.758, 6.008, 8.992], "texture": "#1"},
				"south": {"uv": [7.492, 6.008, 6.008, 6.242], "texture": "#1"},
				"west": {"uv": [8.992, 5.758, 8.758, 5.992], "texture": "#1"},
				"up": {"uv": [6.258, 0.242, 7.742, 0.008], "texture": "#1"},
				"down": {"uv": [6.258, 0.508, 7.742, 0.742], "texture": "#1"}
			}
		},
		{
			"from": [6.5, 5.95, 7.5],
			"to": [7.5, 11.95, 8.5],
			"rotation": {"angle": -45, "axis": "z", "origin": [6, 12.75, 8]},
			"faces": {
				"north": {"uv": [4.242, 5.758, 4.008, 7.242], "texture": "#1"},
				"east": {"uv": [6.242, 3.758, 6.008, 5.242], "texture": "#1"},
				"south": {"uv": [6.242, 2.008, 6.008, 3.492], "texture": "#1"},
				"west": {"uv": [4.742, 5.758, 4.508, 7.242], "texture": "#1"},
				"up": {"uv": [5.008, 8.992, 5.242, 8.758], "texture": "#1"},
				"down": {"uv": [5.508, 8.758, 5.742, 8.992], "texture": "#1"}
			}
		},
		{
			"from": [-5.9, 11.75, 7],
			"to": [-3.9, 13.75, 9],
			"rotation": {"angle": 45, "axis": "z", "origin": [5, 19, 8]},
			"faces": {
				"north": {"uv": [6.242, 8.008, 5.758, 8.492], "texture": "#1"},
				"east": {"uv": [8.492, 6.758, 8.008, 7.242], "texture": "#1"},
				"south": {"uv": [6.992, 8.008, 6.508, 8.492], "texture": "#1"},
				"west": {"uv": [8.492, 6.008, 8.008, 6.492], "texture": "#1"},
				"up": {"uv": [7.258, 8.492, 7.742, 8.008], "texture": "#1"},
				"down": {"uv": [8.008, 7.508, 8.492, 7.992], "texture": "#1"}
			}
		},
		{
			"from": [5.5, 6.25, 7.5],
			"to": [6.5, 19.25, 8.5],
			"rotation": {"angle": 0, "axis": "y", "origin": [16.5, 20.25, -1.5]},
			"faces": {
				"north": {"uv": [0.242, 4.758, 0.008, 7.992], "texture": "#1"},
				"east": {"uv": [1.742, 4.758, 1.508, 7.992], "texture": "#1"},
				"south": {"uv": [1.242, 4.758, 1.008, 7.992], "texture": "#1"},
				"west": {"uv": [0.742, 4.758, 0.508, 7.992], "texture": "#1"},
				"up": {"uv": [5.258, 2.242, 5.492, 2.008], "texture": "#1"},
				"down": {"uv": [7.508, 4.008, 7.742, 4.242], "texture": "#1"}
			}
		},
		{
			"from": [4.5, 20.25, 7.5],
			"to": [5.5, 22.25, 8.5],
			"rotation": {"angle": 0, "axis": "y", "origin": [16.5, 20.25, -1.5]},
			"faces": {
				"north": {"uv": [3.742, 8.758, 3.508, 9.242], "texture": "#1"},
				"east": {"uv": [4.742, 8.758, 4.508, 9.242], "texture": "#1"},
				"south": {"uv": [8.992, 4.008, 8.758, 4.492], "texture": "#1"},
				"west": {"uv": [4.242, 8.758, 4.008, 9.242], "texture": "#1"},
				"up": {"uv": [8.758, 6.992, 8.992, 6.758], "texture": "#1"},
				"down": {"uv": [7.008, 8.758, 7.242, 8.992], "texture": "#1"}
			}
		},
		{
			"from": [5.5, 21.25, 7.5],
			"to": [6.5, 23.25, 8.5],
			"rotation": {"angle": 0, "axis": "y", "origin": [16.5, 20.25, -1.5]},
			"faces": {
				"north": {"uv": [8.992, 1.758, 8.758, 2.242], "texture": "#1"},
				"east": {"uv": [3.242, 8.758, 3.008, 9.242], "texture": "#1"},
				"south": {"uv": [2.742, 8.758, 2.508, 9.242], "texture": "#1"},
				"west": {"uv": [2.242, 8.758, 2.008, 9.242], "texture": "#1"},
				"up": {"uv": [8.758, 6.492, 8.992, 6.258], "texture": "#1"},
				"down": {"uv": [6.508, 8.758, 6.742, 8.992], "texture": "#1"}
			}
		}
	],
	"display": {
		"thirdperson": {
			"rotation": [5, 90, -70],
			"translation": [0.3, 2.25, -8.2],
			"scale": [1.5, 1.5, 1.5]
		},
		"firstperson": {
			"rotation": [180 , 50, -180],
			"translation": [3, 6, 1],
			"scale": [1.25 , 1.25 , 1.25]
		},
		"ground": {
			"rotation": [180 , 50, -180],
			"translation": [0, 1, 0],
			"scale": [4, 4, 4]
		},
		"gui": {
			"rotation": [0, 5, 45],
			"translation": [0, 0, 0],
			"scale": [0.7, 0.7, 0.7]
		},
		"fixed": {
			"rotation": [20, 5, 45],
			"translation": [0, -2.5, -0.25],
			"scale": [1.5, 1.5, 1.5]
		}
	}
}